n_estimators,int_precision,int_recall,int_fbeta,ext_precision,ext_recall,ext_fbeta
100,0.9848484848484849,0.9848484848484849,0.9848484848484849,1.0,1.0,1.0
250,0.9848484848484849,0.9848484848484849,0.9848484848484849,1.0,1.0,1.0
500,0.9848484848484849,0.9848484848484849,0.9848484848484849,1.0,1.0,1.0
700,0.9848484848484849,0.9848484848484849,0.9848484848484849,1.0,1.0,1.0
1000,0.9848484848484849,0.9848484848484849,0.9848484848484849,1.0,1.0,1.0
1500,0.9848484848484849,0.9848484848484849,0.9848484848484849,1.0,1.0,1.0
