n_estimators,int_precision,int_recall,int_fbeta,ext_precision,ext_recall,ext_fbeta
100,0.7575757575757576,0.7575757575757576,0.7575757575757576,0.75,0.75,0.75
250,0.7424242424242424,0.7424242424242424,0.7424242424242424,0.7777777777777778,0.7777777777777778,0.7777777777777778
500,0.7727272727272727,0.7727272727272727,0.7727272727272727,0.7777777777777778,0.7777777777777778,0.7777777777777778
700,0.7575757575757576,0.7575757575757576,0.7575757575757576,0.7777777777777778,0.7777777777777778,0.7777777777777778
1000,0.7424242424242424,0.7424242424242424,0.7424242424242424,0.7777777777777778,0.7777777777777778,0.7777777777777778
1500,0.7121212121212122,0.7121212121212122,0.7121212121212122,0.7777777777777778,0.7777777777777778,0.7777777777777778
