n_estimators,int_precision,int_recall,int_fbeta,ext_precision,ext_recall,ext_fbeta
100,0.7424242424242424,0.7424242424242424,0.7424242424242424,0.7222222222222222,0.7222222222222222,0.7222222222222222
250,0.7121212121212122,0.7121212121212122,0.7121212121212122,0.6666666666666666,0.6666666666666666,0.6666666666666666
500,0.7424242424242424,0.7424242424242424,0.7424242424242424,0.6527777777777778,0.6527777777777778,0.6527777777777778
700,0.7272727272727273,0.7272727272727273,0.7272727272727273,0.6388888888888888,0.6388888888888888,0.6388888888888888
