penalty,c,int_precision,int_recall,int_fbeta,ext_precision,ext_recall,ext_fbeta
l2,0.001,0.9938650306748467,0.9938650306748467,0.9938650306748467,0.9938650306748467,0.9938650306748467,0.9938650306748467
l2,1,0.9938650306748467,0.9938650306748467,0.9938650306748467,0.9938650306748467,0.9938650306748467,0.9938650306748467
l1,0.001,0.9938650306748467,0.9938650306748467,0.9938650306748467,0.9938650306748467,0.9938650306748467,0.9938650306748467
l1,1,0.99349321435211,0.99349321435211,0.99349321435211,0.993694614860259,0.993694614860259,0.993694614860259
