n_estimators,int_precision,int_recall,int_fbeta,ext_precision,ext_recall,ext_fbeta
100,0.9696969696969697,0.9696969696969697,0.9696969696969697,0.9583333333333334,0.9583333333333334,0.9583333333333334
250,0.9696969696969697,0.9696969696969697,0.9696969696969697,0.9583333333333334,0.9583333333333334,0.9583333333333334
500,0.9696969696969697,0.9696969696969697,0.9696969696969697,0.9583333333333334,0.9583333333333334,0.9583333333333334
700,0.9545454545454546,0.9545454545454546,0.9545454545454546,0.9583333333333334,0.9583333333333334,0.9583333333333334
1000,0.9696969696969697,0.9696969696969697,0.9696969696969697,0.9583333333333334,0.9583333333333334,0.9583333333333334
1500,0.9696969696969697,0.9696969696969697,0.9696969696969697,0.9583333333333334,0.9583333333333334,0.9583333333333334
