hidden_layer_size,dropout,int_precision,int_recall,int_fbeta,ext_precision,ext_recall,ext_fbeta
200,0.0,0.4696969696969697,0.4696969696969697,0.4696969696969697,0.5,0.5,0.5
500,0.0,0.5,0.5,0.5,0.5,0.5,0.5
750,0.0,0.5,0.5,0.5,0.5,0.5,0.5
1000,0.0,0.4696969696969697,0.4696969696969697,0.4696969696969697,0.4861111111111111,0.4861111111111111,0.4861111111111111
200,0.2,0.4696969696969697,0.4696969696969697,0.4696969696969697,0.4861111111111111,0.4861111111111111,0.4861111111111111
500,0.2,0.5,0.5,0.5,0.4861111111111111,0.4861111111111111,0.4861111111111111
750,0.2,0.5,0.5,0.5,0.5,0.5,0.5
1000,0.2,0.48484848484848486,0.48484848484848486,0.48484848484848486,0.4861111111111111,0.4861111111111111,0.4861111111111111
